Subject,ML Score,Prediction
CAND2716,0.54,Allergen
CAND3309,0.34,Allergen
CAND3276,0.378,Allergen
CAND1348,0.411,Allergen
CAND2152,0.568,Allergen
CAND3491,0.416,Allergen
CAND3348,0.276,Non-Allergen
CAND3554,0.195,Non-Allergen
CAND1400,0.431,Allergen
CAND3289,0.351,Allergen
CAND2652,0.503,Allergen
CAND2623,0.545,Allergen
CAND2589,0.3,Allergen
CAND3423,0.314,Allergen
CAND3552,0.377,Allergen
CAND1610,0.425,Allergen
CAND0828,0.536,Allergen
CAND3374,0.336,Allergen
CAND1344,0.517,Allergen
CAND3582,0.302,Allergen
CAND1161,0.426,Allergen
CAND0816,0.652,Allergen
CAND3542,0.38,Allergen
CAND3489,0.31,Allergen
CAND1685,0.391,Allergen
CAND3512,0.426,Allergen
CAND3562,0.412,Allergen
CAND2932,0.438,Allergen
CAND3492,0.473,Allergen
CAND3323,0.272,Non-Allergen
CAND3438,0.348,Allergen
CAND3533,0.21,Non-Allergen
CAND1697,0.493,Allergen
CAND1787,0.445,Allergen
CAND3584,0.151,Non-Allergen
CAND3539,0.417,Allergen
CAND3268,0.413,Allergen
CAND2032,0.572,Allergen
CAND3557,0.279,Non-Allergen
CAND0704,0.521,Allergen
CAND1342,0.379,Allergen
CAND1544,0.405,Allergen
CAND3272,0.28,Non-Allergen
CAND3198,0.32,Allergen
CAND3028,0.499,Allergen
CAND3168,0.26,Non-Allergen
CAND2234,0.216,Non-Allergen
CAND1481,0.425,Allergen
CAND2477,0.365,Allergen
CAND3384,0.352,Allergen
CAND2298,0.39,Allergen
CAND0668,0.552,Allergen
CAND3025,0.584,Allergen
CAND2055,0.433,Allergen
CAND3516,0.364,Allergen
CAND2737,0.392,Allergen
CAND3256,0.378,Allergen
CAND3452,0.34,Allergen
CAND3463,0.338,Allergen
CAND3475,0.316,Allergen
CAND2738,0.446,Allergen
CAND3430,0.452,Allergen
CAND3417,0.322,Allergen
CAND3501,0.317,Allergen
CAND3082,0.322,Allergen
CAND3391,0.459,Allergen
CAND3547,0.391,Allergen
CAND2931,0.395,Allergen
CAND3585,0.291,Non-Allergen
CAND1246,0.506,Allergen
CAND1895,0.363,Allergen
CAND3555,0.128,Non-Allergen
CAND3388,0.291,Non-Allergen
CAND3267,0.314,Allergen
CAND3558,0.458,Allergen
CAND2484,0.48,Allergen
CAND3322,0.305,Allergen
CAND3340,0.525,Allergen
CAND2627,0.451,Allergen
CAND2476,0.3,Allergen
CAND2058,0.242,Non-Allergen
CAND3103,0.228,Non-Allergen
CAND3480,0.351,Allergen
CAND3439,0.313,Allergen
CAND3574,0.327,Allergen
CAND3586,0.181,Non-Allergen
CAND3343,0.233,Non-Allergen
CAND3027,0.296,Non-Allergen
CAND1678,0.423,Allergen
CAND1237,0.309,Allergen
CAND3511,0.26,Non-Allergen
CAND2183,0.468,Allergen
CAND2862,0.443,Allergen
CAND3556,0.382,Allergen
CAND0880,0.524,Allergen
CAND3498,0.359,Allergen
CAND3575,0.194,Non-Allergen
CAND3473,0.236,Non-Allergen
CAND3311,0.196,Non-Allergen
CAND3282,0.441,Allergen
CAND3110,0.313,Allergen
CAND3215,0.414,Allergen
CAND2069,0.406,Allergen
CAND3210,0.455,Allergen
CAND2355,0.431,Allergen
CAND3329,0.302,Allergen
CAND2736,0.335,Allergen
CAND3440,0.353,Allergen
CAND2713,0.448,Allergen
CAND3344,0.284,Non-Allergen
CAND3156,0.352,Allergen
CAND3266,0.292,Non-Allergen
CAND3321,0.253,Non-Allergen
CAND1395,0.218,Non-Allergen
CAND3485,0.383,Allergen
CAND3425,0.492,Allergen
CAND2054,0.46,Allergen
CAND2371,0.416,Allergen
CAND3296,0.343,Allergen
CAND3567,0.247,Non-Allergen
CAND3280,0.382,Allergen
CAND3142,0.26,Non-Allergen
CAND3470,0.363,Allergen
CAND3521,0.373,Allergen
CAND3482,0.324,Allergen
CAND1345,0.338,Allergen
CAND2742,0.391,Allergen
CAND2964,0.342,Allergen
CAND2559,0.304,Allergen
CAND1512,0.394,Allergen
CAND3393,0.205,Non-Allergen
CAND3538,0.404,Allergen
CAND3341,0.222,Non-Allergen
CAND3590,0.16,Non-Allergen
CAND3493,0.231,Non-Allergen
CAND2776,0.326,Allergen
CAND1840,0.372,Allergen