bin,n,mean_pred,obs_pos
"(0.0, 0.1]",525,0.011775559116249496,0.017142857142857144
"(0.1, 0.2]",46,0.14806199391149794,0.13043478260869565
"(0.2, 0.3]",55,0.25036328768526966,0.2909090909090909
"(0.3, 0.4]",44,0.3421557722084055,0.25
"(0.4, 0.5]",63,0.4564488304276315,0.4603174603174603
"(0.5, 0.6]",75,0.5519581686953704,0.36
"(0.6, 0.7]",79,0.6510091788029368,0.5949367088607594
"(0.7, 0.8]",136,0.7531936982756152,0.6764705882352942
"(0.8, 0.9]",281,0.8605258091488767,0.8078291814946619
"(0.9, 1.0]",450,0.9414631349510617,0.9088888888888889
