pep_residue,pep_atom,site_residue,site_atom,distance
Phe1,CZ,GLU205,O,3.28
Phe1,CZ,GLU206,CA,3.35
Phe1,N,PHE357,CE1,3.59
Val2,CG2,PHE357,CE1,3.76
Pro4,O,ARG125,NH1,3.35
Phe5,CZ,TYR547,CE1,3.49
Phe5,CE2,TRP629,O,3.91
Phe5,CE2,SER630,OG,3.51
Phe5,CZ,TYR631,N,4.7
Val8,O,TRP629,CZ3,3.35
Val8,CG1,HIS740,O,4.02
Phe9,CE2,ASP545,OD1,2.9
Phe9,CZ,VAL546,O,3.63
Phe9,CZ,TYR547,CA,4.31
Phe9,CD2,LYS554,NZ,3.85
Phe9,CD2,TRP627,CZ2,3.73
Phe9,CE2,GLY628,CA,3.75
Phe9,CZ,TRP629,N,3.44
Phe9,CZ,GLY632,CA,4.77
Phe1 alpha-amino N,N,GLU205,O,8.04
Phe1 alpha-amino N,N,GLU206,OE2,6.53
