model,feature,mean_abs_shap,value_shap_corr,value_shap_corr_p,descriptor_share_of_total
xgb,net_charge_pH7.4,0.4921668469905853,-0.82,1.84e-44,0.063
xgb,gravy_kd,0.014439853839576244,0.58,2.28e-17,0.063
xgb,isoelectric_point,0.11030727624893188,-0.869,1.44e-55,0.063
xgb,aromaticity,0.0,,,0.063
xgb,instability_index,0.08896699547767639,0.705,4.63e-28,0.063
xgb,aliphatic_index,0.006622324697673321,0.637,1.32e-21,0.063
xgb,boman_index,0.13129976391792297,-0.702,9.55e-28,0.063
rf,net_charge_pH7.4,0.012019727370901368,-0.805,9.3e-42,0.0512
rf,gravy_kd,0.0021829791799995984,0.653,5.03e-23,0.0512
rf,isoelectric_point,0.010128141007642292,-0.846,5.43e-50,0.0512
rf,aromaticity,0.00014587276995589203,0.222,0.00292,0.0512
rf,instability_index,0.0003020143828188627,0.405,2.09e-08,0.0512
rf,aliphatic_index,0.00028763218633573863,0.345,2.33e-06,0.0512
rf,boman_index,0.007266382798631867,-0.685,5.75e-26,0.0512
